School name,jefferson_parish_schools
https://www.jpschools.org/site/Default.aspx?PageID=4073,,,iframe,,,
https://www.jpschools.org/Page/4073,,,iframe,,,
https://www.jpschools.org/Domain/136,,,iframe,,,
https://www.jpschools.org/Page/370,,,iframe,,,
https://www.jpschools.org/Page/2,,,,calendar,,
https://www.jpschools.org/Page/4010,,,,,,news
https://www.jpschools.org/Domain/115,,,,,,news
https://www.jpschools.org/Domain/1039,,,,,,news
https://www.jpschools.org/Page/3364,,,,,,news
https://www.jpschools.org/Page/3373,,,,,,news
https://www.jpschools.org/Page/3374,,,iframe,,,
https://www.jpschools.org/Domain/127,,,,,,news
https://www.jpschools.org/Page/251,,,,,,news
https://www.jpschools.org/Domain/128,,,,calendar,,
https://www.jpschools.org/Domain/131,,,,,,news
https://www.jpschools.org/Domain/1030,,,iframe,,,
https://www.jpschools.org/Page/5322,,,iframe,,,
https://www.jpschools.org/Page/5318,,,iframe,,,
https://www.jpschools.org/Page/5295,,,iframe,,,
https://www.jpschools.org/Page/5293,,,iframe,,,
https://www.jpschools.org/Page/5273,,,iframe,,,
https://www.jpschools.org/Page/5265,,,iframe,,,
https://www.jpschools.org/Page/5254,,,iframe,,,
https://www.jpschools.org/Page/5253,,,iframe,,,
https://www.jpschools.org/Page/5251,,,iframe,,,
https://www.jpschools.org/Page/5247,,,iframe,,,
https://www.jpschools.org/Page/5230,,,iframe,,,
https://www.jpschools.org/Page/5194,,,iframe,,,
https://www.jpschools.org/Page/5191,,,iframe,,,
https://www.jpschools.org/Page/5162,,,iframe,,,
https://www.jpschools.org/Page/5055,,,iframe,,,
https://www.jpschools.org/Page/5023,,,iframe,,,
https://www.jpschools.org/Page/5017,,,iframe,,,
https://www.jpschools.org/Page/4999,,,iframe,,,
https://www.jpschools.org/Page/4975,,,iframe,,,
https://www.jpschools.org/Page/4973,,,iframe,,,
https://www.jpschools.org/Page/4927,,,iframe,,,
https://www.jpschools.org/Page/4925,,,iframe,,,
https://www.jpschools.org/Page/4873,,,iframe,,,
https://www.jpschools.org/Page/4850,,,iframe,,,
https://www.jpschools.org/Page/4809,,,iframe,,,
https://www.jpschools.org/Page/4739,,,iframe,,,
https://www.jpschools.org/Page/4733,,,iframe,,,
https://www.jpschools.org/Page/4651,,,iframe,,,
https://www.jpschools.org/Page/4608,,,iframe,,,
https://www.jpschools.org/Page/4598,,,iframe,,,
https://www.jpschools.org/Page/4549,,,iframe,,,
https://www.jpschools.org/Page/4402,,,iframe,,,
https://www.jpschools.org/Page/4314,,,iframe,,,
https://www.jpschools.org/Page/4135,,,iframe,,,
https://www.jpschools.org/Page/4122,,,iframe,,,
https://www.jpschools.org/Page/4121,,,iframe,,,
https://www.jpschools.org/Page/4076,,,iframe,,,
https://www.jpschools.org/Page/4075,,,iframe,,,
https://www.jpschools.org/Page/3871,,,iframe,,,
https://www.jpschools.org/Page/3870,,,iframe,,,
https://www.jpschools.org/Page/3648,,,iframe,,,
https://www.jpschools.org/Page/3610,,,iframe,,,
https://www.jpschools.org/Page/3581,,,iframe,,,
https://www.jpschools.org/Page/3570,,,iframe,,,
https://www.jpschools.org/Page/3542,,,iframe,,,
https://www.jpschools.org/Page/3512,,,iframe,,,
https://www.jpschools.org/Page/3438,,,iframe,,,
https://www.jpschools.org/Page/3340,,,iframe,,,
https://www.jpschools.org/Page/3321,,,iframe,,,
https://www.jpschools.org/Page/3323,,,iframe,,,
https://www.jpschools.org/Page/3324,,,iframe,,,
https://www.jpschools.org/Page/3337,,,iframe,,,
https://www.jpschools.org/Page/3338,,,iframe,,,
https://www.jpschools.org/Page/4880,,,iframe,,,
https://www.jpschools.org/Domain/180,,,iframe,,,
https://www.jpschools.org/Page/454,,,iframe,,,
https://www.jpschools.org/Page/264,,,,,staff,
https://www.jpschools.org/Page/3185,,,iframe,,,
https://www.jpschools.org/Domain/1272,,,iframe,,,
https://www.jpschools.org/Page/242,,,,,staff,
https://www.jpschools.org/Page/258,,,iframe,,,
https://www.jpschools.org/Page/3426,,,iframe,,,
https://www.jpschools.org/Page/267,,,iframe,,,
https://www.jpschools.org/Page/264,,,,,staff,
https://www.jpschools.org/Page/307,,,,,staff,
https://www.jpschools.org/Page/3342,,,iframe,,,
https://www.jpschools.org/Page/268,,,,,staff,
https://www.jpschools.org/Domain/993,,,iframe,,,
https://www.jpschools.org/Page/5084,,,iframe,,,
https://www.jpschools.org/Page/4858,,,,,,news
https://www.jpschools.org/Page/294,,,,,staff,
https://www.jpschools.org/Page/246,,,,,staff,
https://www.jpschools.org/Page/293,,,,,staff,
https://www.jpschools.org/Page/294,,,,,staff,
https://www.jpschools.org/Page/295,,,,,staff,
https://www.jpschools.org/Page/297,,,,,staff,
https://www.jpschools.org/Page/362,,,,,staff,
https://www.jpschools.org/Page/363,,,,,staff,
https://www.jpschools.org/Page/364,,,,,staff,
https://www.jpschools.org/Page/3628,,,iframe,,,
https://www.jpschools.org/Page/277,,,,,staff,
https://www.jpschools.org/Page/4831,,,iframe,,,
https://www.jpschools.org/Domain/870,,,iframe,,,
https://www.jpschools.org/Page/2581,,,iframe,,,
https://www.jpschools.org/Page/3162,,,iframe,,,
https://www.jpschools.org/Domain/892,,,iframe,,,
https://www.jpschools.org/Page/2682,,,iframe,,,
https://www.jpschools.org/Domain/1267,,,,,,news
https://www.jpschools.org/Page/4844,,,,,,news
https://www.jpschools.org/Domain/119,,,,,staff,
https://www.jpschools.org/Page/242,,,,,staff,
https://www.jpschools.org/Page/258,,,iframe,,,
https://www.jpschools.org/Page/3426,,,iframe,,,
https://www.jpschools.org/Page/267,,,iframe,,,
https://www.jpschools.org/Page/264,,,,,staff,
https://www.jpschools.org/Page/307,,,,,staff,
https://www.jpschools.org/Page/3342,,,iframe,,,
https://www.jpschools.org/Page/268,,,,,staff,
https://www.jpschools.org/Domain/120,,,,,staff,
https://www.jpschools.org/Page/243,,,,,staff,
https://www.jpschools.org/Page/275,,,,,staff,
https://www.jpschools.org/Page/276,,,,,staff,
https://www.jpschools.org/Page/266,,,iframe,,,
https://www.jpschools.org/Page/277,,,,,staff,
https://www.jpschools.org/Page/278,,,,,staff,
https://www.jpschools.org/Domain/121,,,,,staff,
https://www.jpschools.org/Page/244,,,,,staff,
https://www.jpschools.org/Page/279,,,,,staff,
https://www.jpschools.org/Page/284,,,,,staff,
https://www.jpschools.org/Page/285,,,,,staff,
https://www.jpschools.org/Page/286,,,,,staff,
https://www.jpschools.org/Domain/122,,,,,staff,
https://www.jpschools.org/Page/245,,,,,staff,
https://www.jpschools.org/Domain/123,,,,,staff,
https://www.jpschools.org/Page/246,,,,,staff,
https://www.jpschools.org/Page/293,,,,,staff,
https://www.jpschools.org/Page/294,,,,,staff,
https://www.jpschools.org/Page/295,,,,,staff,
https://www.jpschools.org/Page/297,,,,,staff,
https://www.jpschools.org/Page/362,,,,,staff,
https://www.jpschools.org/Page/363,,,,,staff,
https://www.jpschools.org/Page/364,,,,,staff,
https://www.jpschools.org/Domain/124,,,,,staff,
https://www.jpschools.org/Page/247,,,,,staff,
https://www.jpschools.org/Page/299,,,,,staff,
https://www.jpschools.org/Page/296,,,,,staff,
https://www.jpschools.org/Domain/118,,,,,staff,
https://www.jpschools.org/Page/241,,,,,staff,
https://www.jpschools.org/Page/3995,,,,,staff,
https://www.jpschools.org/Page/308,,,,,staff,
https://www.jpschools.org/Page/329,,,iframe,,,
https://www.jpschools.org/Domain/125,,,,,staff,
https://www.jpschools.org/Page/248,,,,,staff,
https://www.jpschools.org/Page/332,,,iframe,,,
https://www.jpschools.org/Page/333,,,iframe,,,
https://www.jpschools.org/Page/4858,,,,,,news
https://www.jpschools.org/Page/348,,,,,staff,
https://www.jpschools.org/Page/352,,,,,staff,
https://www.jpschools.org/Page/354,,,,,staff,
https://www.jpschools.org/Page/356,,,,,staff,
https://www.jpschools.org/Page/239,,,,,staff,

Pages scraped,399
Issues,10



